;instance;best_dwave;probability_dwave [%]
0;001;-319.13530623533927;4.0
1;002;-319.85341290179207;4.33
2;003;-316.38865190776954;7.0
3;004;-321.799938529823;0.67
4;005;-312.72989179155;5.33
5;006;-327.57637971790666;8.0
6;007;-324.8480237023774;0.33
7;008;-301.7765288918497;1.33
8;009;-312.7614300539957;0.67
